"Country Name","Country Code","Indicator Name","Indicator Code","1960","1961","1962","1963","1964","1965","1966","1967","1968","1969","1970","1971","1972","1973","1974","1975","1976","1977","1978","1979","1980","1981","1982","1983","1984","1985","1986","1987","1988","1989","1990","1991","1992","1993","1994","1995","1996","1997","1998","1999","2000","2001","2002","2003","2004","2005","2006","2007","2008","2009","2010","2011","2012","2013","2014","2015",
"Aruba","ABW","Net enrolment rate, secondary, both sexes (%)","SE.SEC.NENR","","","","","","","","","","","","","","","","","","","","","","","","","","","","","","","","","","","","","","","","77.81521","76.80775","72.42378","76.79607","72.36007","73.44491","75.11459","","80.51711","74.48249","77.71421","","76.93623","","","","",
"Andorra","AND","Net enrolment rate, secondary, both sexes (%)","SE.SEC.NENR","","","","","","","","","","","","","","","","","","","","","","","","","","","","","","","","","","","","","","","","","","","","","","","","","","","","","","","","",
"Afghanistan","AFG","Net enrolment rate, secondary, both sexes (%)","SE.SEC.NENR","","","","","","","","","","","","","","","8.44359","","","","","","","","","","","","","","","","","","","15.55174","","","","","","","","","","","","","","28.04189","","","","","","48.87529","48.75032","",
"Angola","AGO","Net enrolment rate, secondary, both sexes (%)","SE.SEC.NENR","","","","","","","","","","","","","4.21337","","","","","","","","","","5.8063","","","","","","","","","","","","","","","","","","","","","","","","","","10.1277","10.60603","12.37506","","","","","",
"Albania","ALB","Net enrolment rate, secondary, both sexes (%)","SE.SEC.NENR","","","","","","","","","","","","","","","","","","","","","","","","","","","","","","","","","","","","","","","","","67.04211","68.75755","","","","","","","","","","","","84.02378","85.27821","",
"Arab World","ARB","Net enrolment rate, secondary, both sexes (%)","SE.SEC.NENR","","","","","","","","","","","20.65745","20.60345","21.09646","22.39772","22.88232","24.15186","25.6051","27.463","29.27379","30.7158","31.8551","32.38391","33.93062","35.13325","36.43745","37.92319","39.75241","40.91508","41.42886","42.1119","44.57627","44.73608","43.83746","44.51257","46.37686","46.47868","46.58391","47.81031","49.25113","50.73199","52.04792","53.52573","54.62405","56.6315","58.38733","58.43832","58.26328","57.43789","58.19658","60.01188","61.09549","63.33506","64.48333","63.10122","","",
"United Arab Emirates","ARE","Net enrolment rate, secondary, both sexes (%)","SE.SEC.NENR","","","","","","","","","","","","","","","","","","","26.8682","","37.36392","","","","","","","","","","","59.19457","61.59422","65.55525","70.83112","74.35999","","71.63289","71.47864","75.47998","","","","","","","","","","","","","","","","",
"Argentina","ARG","Net enrolment rate, secondary, both sexes (%)","SE.SEC.NENR","","","","","","","","","","","","","","","40.23707","41.72664","","","","","","","","","","","","","","","","","","","","","","","74.56531","","","","","","","","","","","81.26217","82.67211","83.95173","87.3181","88.16032","","",
"Armenia","ARM","Net enrolment rate, secondary, both sexes (%)","SE.SEC.NENR","","","","","","","","","","","","","","","","","","","","","","","","","","","","","","","","","","","","","","","","","","","","","","85.59681","87.93843","90.15799","84.05499","89.10058","","","","","","",
"American Samoa","ASM","Net enrolment rate, secondary, both sexes (%)","SE.SEC.NENR","","","","","","","","","","","","","","","","","","","","","","","","","","","","","","","","","","","","","","","","","","","","","","","","","","","","","","","","",
"Antigua and Barbuda","ATG","Net enrolment rate, secondary, both sexes (%)","SE.SEC.NENR","","","","","","","","","","","","","","","","","","","","","","","","","","","","","","","","","","","","","","","","","69.10701","","","","","","","","","86.49334","85.54702","","90.92281","","79.73144","",
"Australia","AUS","Net enrolment rate, secondary, both sexes (%)","SE.SEC.NENR","","","","","","","","","","","","","","","","","","","","","","","","","","","","","","","","","","86.82004","86.81789","86.98398","88.63548","","","","","","88.3386","86.6425","86.28893","84.96111","84.37379","84.43958","84.81926","85.97519","86.23238","86.39829","86.11638","86.83034","","",
"Austria","AUT","Net enrolment rate, secondary, both sexes (%)","SE.SEC.NENR","","","","","","","","","","","","68.72616","68.67346","","68.25228","70.26343","70.62379","","","","","","","","","","","","","","","","","","","","","","","","","","","","","","","","","","","","","","","",
"Azerbaijan","AZE","Net enrolment rate, secondary, both sexes (%)","SE.SEC.NENR","","","","","","","","","","","","","","","","","","","","","","","","","","","","","","","","","","","","","","","","","","","","","","","86.01537","85.67907","86.81016","86.79877","86.02738","86.07425","86.80792","87.64969","88.04755","",
"Burundi","BDI","Net enrolment rate, secondary, both sexes (%)","SE.SEC.NENR","","","","","","","","","","","","","","","","","2.07553","2.10288","","","2.18169","","2.56104","2.39685","2.477","2.6869","2.90475","3.20064","","","","","","4.96068","","","","","","","","","","","","","","","","12.85387","14.87204","16.49577","17.89663","20.67532","24.94818","",
"Belgium","BEL","Net enrolment rate, secondary, both sexes (%)","SE.SEC.NENR","","","","","","","","","","","","","","","","","","77.45255","","","","","","","","","","","","","","","","96.36156","98.0119","98.79733","97.22319","","","","","","","","85.7732","85.664","","","","","","","","94.90897","","",
"Benin","BEN","Net enrolment rate, secondary, both sexes (%)","SE.SEC.NENR","","","","","","","","","","","","","","","","","","","","","","","","","","","","","","","","","","","","","","","","","17.25822","18.64569","","","","","","","","","","","","42.03142","","",
"Burkina Faso","BFA","Net enrolment rate, secondary, both sexes (%)","SE.SEC.NENR","","","","","","","","","","","","","","","","","","","","","","","","2.46756","","2.99355","3.50964","","","5.27344","","","6.67478","6.86091","6.86524","","","","","8.63809","","7.98013","","9.48854","10.55684","11.39635","12.2104","12.9184","14.76796","15.81624","16.48259","18.46772","19.75082","21.66167","","",
"Bangladesh","BGD","Net enrolment rate, secondary, both sexes (%)","SE.SEC.NENR","","","","","","","","","","","","","","","","","16.1555","14.17506","","","","15.58325","","18.89447","","","","19.13941","","","","","","","","","","","40.55367","43.59311","44.90648","46.15699","47.27697","47.07322","43.85653","42.59117","43.25932","44.06557","","44.98673","46.25018","45.87797","48.15595","52.59709","","",
"Bulgaria","BGR","Net enrolment rate, secondary, both sexes (%)","SE.SEC.NENR","","","","","","","","","","","","","","","","","","","","","","","","","","","","","","","","","","","","","84.73743","84.58091","84.60414","85.17005","86.23983","87.02009","87.62041","85.05535","86.42719","87.07498","86.65431","86.28842","85.30373","84.17479","84.14092","85.20056","85.34849","87.75442","88.16581","",
"Bahrain","BHR","Net enrolment rate, secondary, both sexes (%)","SE.SEC.NENR","","","","","","","","","","","","","","","","","","44.4714","47.27457","50.75408","","","58.73478","69.90146","67.11283","72.65131","76.87449","73.89147","","75.86024","","","84.78922","","90.62707","91.99864","","85.95271","86.67099","86.63216","90.54411","91.27759","87.94388","88.12247","89.91911","91.24095","90.9026","","","","","","","","","",
"Bahamas, The","BHS","Net enrolment rate, secondary, both sexes (%)","SE.SEC.NENR","","","","","","","","","","","","","","","","","","","","","","90.39679","","","90.4494","","","","","","","","89.13072","89.39219","85.76726","","","","","70.83905","","","","","79.61817","82.90294","84.92215","87.28677","86.13475","84.01834","82.68537","","","","","",
"Bosnia and Herzegovina","BIH","Net enrolment rate, secondary, both sexes (%)","SE.SEC.NENR","","","","","","","","","","","","","","","","","","","","","","","","","","","","","","","","","","","","","","","","","","","","","","","","","","","","","","","","",
"Belarus","BLR","Net enrolment rate, secondary, both sexes (%)","SE.SEC.NENR","","","","","","","","","","","","","","","","","","","","","","","","","","","","","","","","","","","","","","","","","","","","","","","","","","","93.88607","94.23383","96.18483","98.14015","99.46545","",
"Belize","BLZ","Net enrolment rate, secondary, both sexes (%)","SE.SEC.NENR","","","","","","","","","","","","","","","","","","","","","","","","","","","","","","","","","","","","","","","","55.26378","58.58054","60.15394","","68.07894","","65.05073","64.77684","64.21417","63.41598","63.74815","63.68799","65.40976","67.51124","69.20813","","",
"Bermuda","BMU","Net enrolment rate, secondary, both sexes (%)","SE.SEC.NENR","","","","","","","","","","","","","","","","","","","64.90172","","","","","","","","","","","","","","","","","","","","","","","","","","","","","","","","59.2124","73.19643","","","","",
"Bolivia","BOL","Net enrolment rate, secondary, both sexes (%)","SE.SEC.NENR","","","","","","","","","","","","","","","","","","","","","","","","","","","","","","","","","","","","","","","","","","67.02817","71.49814","75.00589","","","74.24569","73.5308","72.57954","73.28939","73.1991","72.79428","74.00697","75.72735","","",
"Brazil","BRA","Net enrolment rate, secondary, both sexes (%)","SE.SEC.NENR","","","","","","","","","","","","","","","","","","","","","","","","","","","","","","","","","","","","","","","","","","","","","","","","","","","","","","","","",
"Barbados","BRB","Net enrolment rate, secondary, both sexes (%)","SE.SEC.NENR","","","","","","","","","","","","","","","","","","","80.43386","","","84.58808","82.89461","82.89316","83.93738","87.78487","","","","81.8244","78.88106","","","","","","","","","94.89026","91.89429","86.52148","87.65247","89.50813","93.06996","92.20516","91.74959","92.13374","88.23348","84.39782","85.18267","88.81115","","","99.42875","",
"Brunei Darussalam","BRN","Net enrolment rate, secondary, both sexes (%)","SE.SEC.NENR","","","","","","","","","","","","","","","","","","49.3625","49.10657","50.08802","51.36058","50.8094","52.30295","54.37997","51.87721","","","","","","","69.14884","64.78567","65.53002","66.77207","","","","","","","","","","","89.20668","90.34572","88.50681","88.06478","89.37856","90.21693","90.85092","92.8619","90.88397","87.03232","",
"Bhutan","BTN","Net enrolment rate, secondary, both sexes (%)","SE.SEC.NENR","","","","","","","","","","","","","","","","","","","","","","","","","","","","","","","","","","","","","","","18.29908","20.08123","22.38228","24.26635","","","","34.75417","37.78171","","45.47366","47.51483","52.07523","53.35622","56.55222","59.41894","62.83831","",
"Botswana","BWA","Net enrolment rate, secondary, both sexes (%)","SE.SEC.NENR","","","","","","","","","","","","5.70021","6.39985","7.75304","8.75909","10.18449","11.42015","12.37976","12.32797","12.39706","14.18821","15.3452","","","19.019","21.82497","23.23965","","","28.13229","31.21045","38.6147","38.59466","41.60386","40.65611","40.37872","","","58.05208","53.03551","53.61185","","53.91738","55.50235","","","","","","","","","","62.83315","","",
"Central African Republic","CAF","Net enrolment rate, secondary, both sexes (%)","SE.SEC.NENR","","","","","","","","","","","","3.96807","4.72921","5.31656","","","","","","","","","","","","","","","","","","","","","","","","","","","","","","","","","","","","10.52727","","13.91438","13.60075","","","",
"Canada","CAN","Net enrolment rate, secondary, both sexes (%)","SE.SEC.NENR","","","","","","","","","","","","","","","","","","","","","","","","","","","","","","","","","","","90.77881","","","","","","","","","","","","","","","","","","","","","",
"Central Europe and the Baltics","CEB","Net enrolment rate, secondary, both sexes (%)","SE.SEC.NENR","","","","","","","","","","","","","","","","","","","","","","","","","","","","","","","","","","","","80.31667","81.38276","82.16085","81.95953","83.15237","84.17594","85.21107","85.94858","86.21829","86.0341","87.29352","87.62466","88.05577","88.89545","89.23463","89.71404","89.9587","89.7821","90.64233","","",
"Switzerland","CHE","Net enrolment rate, secondary, both sexes (%)","SE.SEC.NENR","","","","","","","","","","","","","","","","","","","","","","78.63212","78.42787","78.13948","78.02957","77.90157","77.4595","77.05458","76.97086","76.64383","77.16781","77.9799","78.72521","79.82102","80.88181","","","","","84.43978","84.46952","83.94613","83.15619","83.12749","83.74365","84.48116","84.98051","84.60532","84.28671","83.40886","83.4709","83.00738","80.95638","","","",
"Channel Islands","CHI","Net enrolment rate, secondary, both sexes (%)","SE.SEC.NENR","","","","","","","","","","","","","","","","","","","","","","","","","","","","","","","","","","","","","","","","","","","","","","","","","","","","","","","","",
"Chile","CHL","Net enrolment rate, secondary, both sexes (%)","SE.SEC.NENR","","","","","","","","","","","","","","","","","","","","","","","","","","","","","","","","","","","","","","","","","","","","","","","","91.90896","90.99375","88.46525","89.10345","88.37493","86.40678","88.56903","","",
"China","CHN","Net enrolment rate, secondary, both sexes (%)","SE.SEC.NENR","","","","","","","","","","","","","","","","","","","","","","","","","","","","","","","","","","","","","","","","","","","","","","","","","","","","","","","","",
"Cote d'Ivoire","CIV","Net enrolment rate, secondary, both sexes (%)","SE.SEC.NENR","","","","","","","","","","","","","","","","","","","","","","","","","","","","","","","","","","","","","","","","","","","","","","","","","","","","","","","","",
"Cameroon","CMR","Net enrolment rate, secondary, both sexes (%)","SE.SEC.NENR","","","","","","","","","","","","6.70719","7.48077","8.27911","8.87347","9.87515","10.79834","11.69599","12.76181","13.3809","13.86708","14.68599","","","","","","","","","","","","","","","","","","","","","","","","","","","","","","","38.79874","40.17092","43.13556","",
"Congo, Rep.","COG","Net enrolment rate, secondary, both sexes (%)","SE.SEC.NENR","","","","","","","","","","","","","17.48305","","28.43666","","36.61599","","","","","","","","","","","","","","","","","","","","","","","","","","","","","","","","","","","","","","","",
"Colombia","COL","Net enrolment rate, secondary, both sexes (%)","SE.SEC.NENR","","","","","","","","","","","","","","","","","","","","","","","","","","","","","","","","","","","","","","","","","","","","","","64.0672","68.90478","72.29704","73.89631","77.2222","","","","","","",
"Comoros","COM","Net enrolment rate, secondary, both sexes (%)","SE.SEC.NENR","","","","","","","","","","","","","","","","","","","","","","","","","","","","","","","","","","","","","","","","","","","","","","","","","","","","","","43.93447","","",
"Cabo Verde","CPV","Net enrolment rate, secondary, both sexes (%)","SE.SEC.NENR","","","","","","","","","","","","","","","","","","","","","","","","","","","","9.48987","","","","","","","24.14462","","","","","","","","55.33183","55.51619","54.96655","58.3755","59.21306","61.30338","","64.72047","65.13894","","68.20779","68.89154","69.11387","",
"Costa Rica","CRI","Net enrolment rate, secondary, both sexes (%)","SE.SEC.NENR","","","","","","","","","","","22.72619","","","31.31015","34.45662","34.56804","35.0086","","","37.99725","","38.68553","37.11361","","","34.35747","35.18016","36.0702","","36.6707","37.52984","38.01527","40.40652","41.24178","43.14664","43.26507","42.84315","","","","","","","","","","","","","","","75.85511","75.96668","77.12214","78.12114","",
"Caribbean small states","CSS","Net enrolment rate, secondary, both sexes (%)","SE.SEC.NENR","","","","","","","","","","","","","","","47.951","52.79465","54.47383","55.6334","57.10595","58.4291","61.02992","59.13178","59.06677","59.68023","59.54989","60.93298","61.22853","62.25918","63.92331","63.43439","64.58337","65.94678","66.05826","65.11179","66.89513","68.52165","70.12897","71.67339","72.50693","73.84756","73.23676","73.89073","74.35855","74.02845","76.6188","76.57952","77.06839","77.89825","77.99091","77.53586","76.1753","76.00476","73.36188","","","",
"Cuba","CUB","Net enrolment rate, secondary, both sexes (%)","SE.SEC.NENR","","","","","","","","","","","","","19.84134","21.7982","25.82838","","","","","59.28715","","","","","","","67.66947","67.1945","67.93528","69.38508","69.4547","69.42009","67.41387","","60.41031","","","","","76.28813","81.13037","83.04022","83.33677","85.68717","85.33438","86.2653","87.37671","86.81049","86.01229","84.57154","87.89724","88.78403","88.32042","89.46239","","",
"Curacao","CUW","Net enrolment rate, secondary, both sexes (%)","SE.SEC.NENR","","","","","","","","","","","","","","","","","","","","","","","","","","","","","","","","","","","","","","","","","","","","","","","","","","","","","","","","",
"Cayman Islands","CYM","Net enrolment rate, secondary, both sexes (%)","SE.SEC.NENR","","","","","","","","","","","","","","","","","","","","","","","","","","","","","","","","","","","","","","","","","","","","","","","","","","","","","","","","",
"Cyprus","CYP","Net enrolment rate, secondary, both sexes (%)","SE.SEC.NENR","","","","","","","","","","","","51.22675","53.41565","57.92186","60.63356","58.58966","63.06022","63.54171","61.74633","61.92363","62.14433","62.03009","60.88027","60.91287","","","","","","","","","","","89.53134","89.54795","89.61305","89.00555","","87.81234","88.0464","88.30934","91.67274","92.80423","93.00759","94.10166","94.05908","95.09996","95.80445","95.52999","88.83383","89.68342","91.83179","93.17237","94.71498","",
"Czech Republic","CZE","Net enrolment rate, secondary, both sexes (%)","SE.SEC.NENR","","","","","","","","","","","","","","","","","","","","","","","","","","","","","","","","","","","","","","","","","","","","","","","","","","","","","","","","",
"Germany","DEU","Net enrolment rate, secondary, both sexes (%)","SE.SEC.NENR","","","","","","","","","","","","","","","","","","","","","","","","","","","","","","","","","","","","","","","","","","","","","","","","","","","","","","","","",
"Djibouti","DJI","Net enrolment rate, secondary, both sexes (%)","SE.SEC.NENR","","","","","","","","","","","","","","","","","","","","","","","","","","9.08775","9.36859","9.97723","9.39388","","","","","","","","","11.1591","","","","14.20012","14.66608","","18.98729","20.82883","","","25.37618","","","","","","","",
"Dominica","DMA","Net enrolment rate, secondary, both sexes (%)","SE.SEC.NENR","","","","","","","","","","","","","","","","","","","","","","","","","","","","","","","","","","","","","","","","77.08598","83.87143","81.84823","","87.73487","89.06502","88.16772","76.91341","","","76.59367","80.15759","78.93563","","","","",
"Denmark","DNK","Net enrolment rate, secondary, both sexes (%)","SE.SEC.NENR","","","","","","","","","","","","","","","","","","","","","","88.04108","87.84094","87.1107","85.1461","83.99273","83.36546","83.63569","84.7149","86.38514","87.17767","87.18818","86.81436","86.60667","87.13433","86.76986","87.33878","","87.98638","","88.64723","89.52707","91.09999","93.97193","91.24975","91.63655","89.44451","89.30364","89.3834","89.88238","90.18886","91.25513","90.42643","90.41728","","",
"Dominican Republic","DOM","Net enrolment rate, secondary, both sexes (%)","SE.SEC.NENR","","","","","","","","","","","","","","","","","","","","","","","","","","","","","","","","","","","","","","","","39.03596","39.91521","","50.04704","","49.12434","52.24584","","60.65335","59.14319","62.46679","61.98433","61.67561","62.48659","64.2272","65.45761","",
"Algeria","DZA","Net enrolment rate, secondary, both sexes (%)","SE.SEC.NENR","","","","","","","","","","","","9.28236","","","","","","","","","","","","","38.77885","","","","","","","","","","","52.24994","52.75815","52.61339","","","","","","","","","","","","","","","","","","",
"East Asia & Pacific (excluding high income)","EAP","Net enrolment rate, secondary, both sexes (%)","SE.SEC.NENR","","","","","","","","","","","","","","","","","","","","","","","","","","","","","","","","","","","","","","","52.56008","53.34149","53.627","54.0969","54.4631","55.98123","57.41411","58.30898","60.50194","63.9227","66.17072","68.38189","70.86945","73.65034","75.14306","77.13626","","",
"Early-demographic dividend","EAR","Net enrolment rate, secondary, both sexes (%)","SE.SEC.NENR","","","","","","","","","","","","","","","","","","","","","","","","","","","","","","","","","","","","","","","","","","","","","","","","","","","","","","","","",
"East Asia & Pacific","EAS","Net enrolment rate, secondary, both sexes (%)","SE.SEC.NENR","","","","","","","","","","","","","","","","","","","","","","","","","","","","","","","","","","","","","","","55.91671","56.44841","56.54096","56.78218","56.99044","58.3372","59.64003","60.49938","62.57187","65.83166","68.00169","70.17539","72.58114","75.21235","76.66777","78.54377","","",
"Europe & Central Asia (excluding high income)","ECA","Net enrolment rate, secondary, both sexes (%)","SE.SEC.NENR","","","","","","","","","","","","","","","","","","","","","","","","","","","","","","","","","","","","74.46705","74.23522","74.50372","74.57216","75.6425","78.12699","80.78812","80.34719","81.7589","82.38031","83.23327","84.59266","85.67609","85.77475","84.72513","86.3502","87.46147","86.82183","89.0249","","",
"Europe & Central Asia","ECS","Net enrolment rate, secondary, both sexes (%)","SE.SEC.NENR","","","","","","","","","","","","","","","","","","","","","","","","","","","","","","","","","","","","","82.6041","82.48472","82.05927","82.55975","83.62891","84.78286","85.00751","85.72466","85.3575","85.90506","86.33205","86.57759","87.02126","87.03157","88.31699","88.8271","88.88","90.11932","","",
"Ecuador","ECU","Net enrolment rate, secondary, both sexes (%)","SE.SEC.NENR","","","","","","","","","","","","","","","","","","","","","","","","","","","","","","","","","","","","","","","46.35053","47.35084","47.88294","48.58887","49.88799","49.82982","50.60164","52.97738","54.43455","56.07007","","","69.91013","70.78292","72.84922","82.52048","","",
"Egypt, Arab Rep.","EGY","Net enrolment rate, secondary, both sexes (%)","SE.SEC.NENR","","","","","","","","","","","","26.23324","25.95434","28.67003","28.49238","","","","","","","","","","","","","","","","","","","","64.34873","","","","","","","","","","","","","","","","","76.67716","","","","",
"Euro area","EMU","Net enrolment rate, secondary, both sexes (%)","SE.SEC.NENR","","","","","","","","","","","","","","","","72.29017","73.06713","74.08099","74.46134","74.74122","75.19386","75.0174","75.22543","75.60059","75.88101","76.41923","77.5667","78.23808","78.5051","78.93479","79.28273","80.6722","82.39903","85.23947","87.9397","87.94685","87.98472","87.43795","85.19279","85.27328","85.77879","86.21716","87.24908","87.89619","88.63375","89.83394","90.18307","89.63546","90.14178","90.04941","90.38017","90.00878","90.10779","90.57892","","",
"Eritrea","ERI","Net enrolment rate, secondary, both sexes (%)","SE.SEC.NENR","","","","","","","","","","","","","","","","","","","","","","","","","","","","","","","","","","","10.58969","11.38449","","13.30845","","16.48922","18.4123","18.19127","18.70711","19.28835","20.94476","22.6204","24.14857","24.92296","26.33536","28.33818","30.58729","30.95689","31.65422","28.61164","","",
"Spain","ESP","Net enrolment rate, secondary, both sexes (%)","SE.SEC.NENR","","","","","","","","","","","","45.94533","45.17635","52.02683","","58.01259","61.4281","64.48822","66.23627","69.06205","72.40017","73.55027","","","","","","","","","","","","","","","","","","87.21647","88.76321","90.34839","90.95433","91.35053","92.51871","93.40727","93.02624","92.98292","93.20309","93.73501","94.88738","95.05881","95.79864","96.3387","","",
"Estonia","EST","Net enrolment rate, secondary, both sexes (%)","SE.SEC.NENR","","","","","","","","","","","","","","","","","","","","","","","","","","","","","","","","","","","","","","","83.75497","83.95009","85.0775","85.7722","88.40049","89.47331","91.4714","93.41282","93.78821","92.89172","91.89359","91.24158","90.93841","91.32946","91.04749","92.45265","","",
"Ethiopia","ETH","Net enrolment rate, secondary, both sexes (%)","SE.SEC.NENR","","","","","","","","","","","","","","","","","","","","","","","","","","","","","","","","","","","","","","","","10.90993","12.37528","13.09773","14.62965","","","","","","","","","","","","","",
"European Union","EUU","Net enrolment rate, secondary, both sexes (%)","SE.SEC.NENR","","","","","","","","","","","","","","","","73.33827","74.1267","75.07829","75.48161","75.83024","76.36022","76.65083","77.04642","77.4323","77.6515","78.23066","79.32755","79.92364","80.0994","80.41242","80.66255","80.96991","81.73145","84.69666","86.63972","86.70356","86.96471","86.72672","85.52653","86.00713","86.59332","87.19414","88.16424","88.63422","88.93423","90.10741","90.04321","89.73981","90.53647","90.87419","91.45633","90.92332","90.72637","91.71964","","",
"Fragile and conflict affected situations","FCS","Net enrolment rate, secondary, both sexes (%)","SE.SEC.NENR","","","","","","","","","","","","","","","","","","","","","","","","","","","","","","","","","23.45039","23.46343","23.99028","24.72578","24.96949","25.24492","25.48641","25.71844","26.69756","27.47084","27.86154","29.60075","31.44315","32.00207","33.17359","33.66857","35.21507","36.30663","37.13564","37.58591","38.18293","36.62973","","",
"Finland","FIN","Net enrolment rate, secondary, both sexes (%)","SE.SEC.NENR","","","","","","","","","","","","70.56466","","","","","","","","84.92075","","","","","","","","","","","","93.04039","","94.86484","94.78169","92.34145","92.59221","93.2961","97.31751","94.62612","94.61442","94.32296","94.53743","95.10145","95.2559","95.94758","96.35846","95.99802","95.09327","94.20035","93.6362","92.96122","92.21532","93.77698","","",
"Fiji","FJI","Net enrolment rate, secondary, both sexes (%)","SE.SEC.NENR","","","","","","","","","","","","","","","","","","","","","","","","","","","","","","","","","","","","","","","","75.57768","72.2587","74.78046","75.83129","76.47263","83.26254","","85.49484","81.39311","","80.64407","","84.72191","83.38211","","","",
"France","FRA","Net enrolment rate, secondary, both sexes (%)","SE.SEC.NENR","","","","","","","","","","","","","","","","","76.17676","77.16374","","77.52369","78.05954","78.5506","78.79066","79.68612","","81.9915","82.28313","82.37912","82.36393","82.67822","83.35989","","89.08393","90.08856","95.86596","96.43602","95.6086","94.92232","","93.33842","92.62921","92.46846","93.1982","93.71607","93.85037","97.39712","97.12352","97.0726","97.11542","96.99224","96.82211","96.88328","98.38231","99.26681","","",
"Faroe Islands","FRO","Net enrolment rate, secondary, both sexes (%)","SE.SEC.NENR","","","","","","","","","","","","","","","","","","","","","","","","","","","","","","","","","","","","","","","","","","","","","","","","","","","","","","","","",
"Micronesia, Fed. Sts.","FSM","Net enrolment rate, secondary, both sexes (%)","SE.SEC.NENR","","","","","","","","","","","","","","","","","","","","","","","","","","","","","","","","","","","","","","","","","","","","","","","","","","","","","","","","",
"Gabon","GAB","Net enrolment rate, secondary, both sexes (%)","SE.SEC.NENR","","","","","","","","","","","","","","","","","","","","","","","","","","","","","","","","","","","","","","","","","","","","","","","","","","","","","","","","",
"United Kingdom","GBR","Net enrolment rate, secondary, both sexes (%)","SE.SEC.NENR","","","","","","","","","","","","70.25886","70.61095","71.19209","76.5044","76.44305","77.36738","76.89906","76.1235","75.52485","","76.79436","77.57354","78.81555","78.88283","","80.2481","80.08608","","","78.43628","81.00256","83.64227","92.07165","93.9148","94.83629","93.95343","92.78243","93.52743","94.68907","94.72008","94.97759","95.6494","95.4451","94.9789","95.52546","92.39346","90.92987","92.09576","93.70083","95.23755","92.0484","90.64219","94.33573","","",
"Georgia","GEO","Net enrolment rate, secondary, both sexes (%)","SE.SEC.NENR","","","","","","","","","","","","","","","","","","","","","","","","","","","","","","","","","","","","","76.42621","76.86595","","76.34122","77.14766","","","","","76.16447","77.35127","81.61676","83.37286","81.19886","","","","88.98943","92.05199","",
"Ghana","GHA","Net enrolment rate, secondary, both sexes (%)","SE.SEC.NENR","","","","","","","","","","","","","","","","","","","","","","","","","","","","","","","","","","","","","","","","34.47047","34.67933","33.01173","34.7096","35.73545","38.63892","39.95999","41.14919","47.1436","47.04298","45.69081","","","","51.42917","54.60724","",
"Gibraltar","GIB","Net enrolment rate, secondary, both sexes (%)","SE.SEC.NENR","","","","","","","","","","","","","","","","","","","","","","","","","","","","","","","","","","","","","","","","","","","","","","","","","","","","","","","","",
"Guinea","GIN","Net enrolment rate, secondary, both sexes (%)","SE.SEC.NENR","","","","","","","","","","","","","","","","","","","","","","","","","","","9.01633","","","7.35984","6.93324","","","","","","","","","11.43437","","15.65596","17.68939","18.97091","20.28902","23.33568","25.86953","","","","","30.05907","","","31.78818","",
"Gambia, The","GMB","Net enrolment rate, secondary, both sexes (%)","SE.SEC.NENR","","","","","","","","","","","","","","","","","","","8.15178","8.2486","","","","13.11751","14.38173","14.61557","14.1644","","","","","","","","","","","","","","","","","","","","","","","","","","","","","",
"Guinea-Bissau","GNB","Net enrolment rate, secondary, both sexes (%)","SE.SEC.NENR","","","","","","","","","","","","","","","","","","","","","","2.48411","3.18599","","3.23556","","","","","","","","","","","","","","","","8.1311","","","","","","","","","","","","","","","",
"Equatorial Guinea","GNQ","Net enrolment rate, secondary, both sexes (%)","SE.SEC.NENR","","","","","","","","","","","","","","","","","","","","","","","","","","","","","","","","","","","","","","","","24.3844","","22.18517","","","","21.37714","","","","","","","","","","",
"Greece","GRC","Net enrolment rate, secondary, both sexes (%)","SE.SEC.NENR","","","","","","","","","","","","52.30354","57.65399","59.37434","60.18861","61.10731","63.64781","65.16882","66.66496","67.35908","72.91459","","75.89283","","77.26055","79.18691","80.93413","83.81874","84.04384","84.93748","83.95327","83.77015","83.65748","","81.72296","82.91809","83.4691","83.42514","83.1144","82.37238","81.74931","83.046","85.0477","84.01898","85.42871","88.92271","88.69321","86.61474","","","94.01651","","","95.53886","","",
"Grenada","GRD","Net enrolment rate, secondary, both sexes (%)","SE.SEC.NENR","","","","","","","","","","","","","22.73505","","","","","","","","","","","","","","","","","","","","","","","","","","","","","","83.59848","75.66415","80.35173","76.87032","","","","","","","","80.24006","","",
"Greenland","GRL","Net enrolment rate, secondary, both sexes (%)","SE.SEC.NENR","","","","","","","","","","","","","","","","","","","","","","","","","","","","","","","","","","","","","","","","","","","","","","","","","","","","","","","","",
"Guatemala","GTM","Net enrolment rate, secondary, both sexes (%)","SE.SEC.NENR","","","","","","","","","","","","","8.00249","","9.47673","9.96011","","","","14.0049","12.55408","","13.88755","","","","","","","","","","","","","","","","","22.30764","25.61666","29.11564","29.75088","","","","","","38.89185","40.91499","45.18118","45.4365","45.99431","46.25577","46.71842","",
"Guam","GUM","Net enrolment rate, secondary, both sexes (%)","SE.SEC.NENR","","","","","","","","","","","","","","","","","","","","","","","","","","","","","","","","","","","","","","","","","","","","","","","","","","","","","","","","",
"Guyana","GUY","Net enrolment rate, secondary, both sexes (%)","SE.SEC.NENR","","","","","","","","","","","","55.33311","","","","","","","","","","","","","","","","","","","","","","","","","","","","72.95457","","","","","","","","","","77.00129","","82.48106","","","","",
"High income","HIC","Net enrolment rate, secondary, both sexes (%)","SE.SEC.NENR","","","","","","","","","","","","","","","","","","77.28259","77.57684","76.63905","79.47672","79.75536","80.80769","81.30107","82.07936","82.3707","83.27357","83.64388","83.33777","83.0367","82.84248","83.61493","84.29936","85.70974","87.13103","87.34399","87.33578","87.18233","86.7178","86.68188","86.66101","87.03467","87.03265","88.06091","87.7683","87.96172","87.76986","87.66661","88.16613","88.55914","88.93776","89.34097","89.75637","90.35582","","",
"Hong Kong SAR, China","HKG","Net enrolment rate, secondary, both sexes (%)","SE.SEC.NENR","","","","","","","","","","","","33.19823","35.18294","37.39821","39.92949","43.41506","45.87867","47.66802","49.83469","52.90448","55.68072","58.22168","","63.32222","65.17","67.8223","","","","","","","","","","","74.92599","","","","","69.98358","70.06913","70.89796","72.15361","73.35716","73.91048","75.35997","76.8711","78.30385","79.84986","79.00348","90.0952","88.39324","88.19868","",
"Honduras","HND","Net enrolment rate, secondary, both sexes (%)","SE.SEC.NENR","","","","","","","","","","","","","","","","","","","","","","","","24.44887","","","","","","","","20.50554","","","","","","","","","","","","","","","","","","","","","","48.42148","49.25936","",
"Heavily indebted poor countries (HIPC)","HPC","Net enrolment rate, secondary, both sexes (%)","SE.SEC.NENR","","","","","","","","","","","","","","","","","","","","","","","","","","","","","","","","","14.56126","14.5422","14.8231","15.20915","15.28263","15.4542","15.94808","16.5134","17.25709","17.72638","18.50742","19.23919","20.33959","21.41803","22.92365","24.34265","26.13546","27.47766","28.73592","29.52986","30.33425","30.72859","","",
"Croatia","HRV","Net enrolment rate, secondary, both sexes (%)","SE.SEC.NENR","","","","","","","","","","","","","","","","","","","","","","","","","","","","","","","","","","","","","","","","82.0271","82.35297","82.72257","83.67419","85.17906","","88.47084","","","93.86624","97.24802","95.80647","94.98753","94.94317","","","",
"Haiti","HTI","Net enrolment rate, secondary, both sexes (%)","SE.SEC.NENR","","","","","","","","","","","","","","","","","","","","","","","","","","","","","","","","","","","","","","","","","","","","","","","","","","","","","","","","",
"Hungary","HUN","Net enrolment rate, secondary, both sexes (%)","SE.SEC.NENR","","","","","","","","","","","","","","","","","","","","","","","","","","","","","","","","","","","","","","81.58241","81.62467","83.5428","85.08893","87.46241","89.03592","90.57534","89.7043","89.93223","89.91464","89.9137","90.17823","90.69811","91.71037","92.02006","92.39269","92.65664","","",
"IBRD only","IBD","Net enrolment rate, secondary, both sexes (%)","SE.SEC.NENR","","","","","","","","","","","","","","","","","","","","","","","","","","","","","","","","","","","","","","","53.8784","54.03989","54.83158","55.39201","56.16705","57.68686","58.86612","60.0187","61.40083","63.68171","65.68307","66.59483","68.95891","71.50536","73.0899","73.87589","","",
"IDA & IBRD total","IBT","Net enrolment rate, secondary, both sexes (%)","SE.SEC.NENR","","","","","","","","","","","","","","","","","","","","","","","","","","","","","","","","","","","","","","","47.34074","47.55238","48.32426","48.92904","49.66849","50.92282","51.92731","52.79927","54.01648","55.70167","57.20311","57.98745","59.77394","61.46894","62.62511","63.09735","","",
"IDA total","IDA","Net enrolment rate, secondary, both sexes (%)","SE.SEC.NENR","","","","","","","","","","","","","","","","","","","","","","","","","","","","","","","","","","","","","","","","34.07654","35.24911","35.71628","36.86131","38.25055","39.38692","40.73928","41.82712","43.26658","45.07323","45.37852","47.4733","49.03281","50.5872","50.69958","","",
"IDA blend","IDB","Net enrolment rate, secondary, both sexes (%)","SE.SEC.NENR","","","","","","","","","","","","","","","","","","","","","","","","","","","","","","","","","","","","","","","","35.37291","35.60925","36.25741","36.48286","37.21847","38.55","39.11653","40.78821","41.34308","42.13388","43.06694","44.34066","44.64834","45.14168","45.67083","","",
"Indonesia","IDN","Net enrolment rate, secondary, both sexes (%)","SE.SEC.NENR","","","","","","","","","","","","","16.30632","16.6093","17.0976","18.44146","19.30793","19.63873","20.86516","","","","","","","","","42.06826","","","","","","","","41.83387","","","","","","49.60582","50.8224","53.48204","54.89939","53.37736","57.53042","64.85776","64.09342","64.85774","66.74833","73.0074","74.13554","75.22543","","",
"IDA only","IDX","Net enrolment rate, secondary, both sexes (%)","SE.SEC.NENR","","","","","","","","","","","","","","","","","","","","","","","","","","","","","","","","19.07925","19.68519","20.19232","20.85662","21.8832","22.52318","23.16103","24.10872","24.91016","25.97884","26.77091","27.7839","28.4145","28.91481","29.45603","30.62077","31.5942","32.69691","33.97169","35.13916","35.75669","36.72401","36.94394","","",
"Isle of Man","IMN","Net enrolment rate, secondary, both sexes (%)","SE.SEC.NENR","","","","","","","","","","","","","","","","","","","","","","","","","","","","","","","","","","","","","","","","","","","","","","","","","","","","","","","","",
"India","IND","Net enrolment rate, secondary, both sexes (%)","SE.SEC.NENR","","","","","","","","","","","","","","","","","","","","","","","","","","","","","","","","","","","","","","","","","","","","","","","","","","","","","","61.75524","","",
"Not classified","INX","Net enrolment rate, secondary, both sexes (%)","SE.SEC.NENR","","","","","","","","","","","","","","","","","","","","","","","","","","","","","","","","","","","","","","","","","","","","","","","","","","","","","","","","",
"Ireland","IRL","Net enrolment rate, secondary, both sexes (%)","SE.SEC.NENR","","","","","","","","","","","","63.03004","64.82352","69.01721","71.90505","73.92002","74.89508","75.46053","75.99625","","78.25042","","82.66031","","","","","","","","","76.02389","77.61126","","","81.32701","81.18068","80.4557","86.98804","85.74956","85.47705","85.05758","86.92341","88.99173","91.67642","93.38732","94.71627","96.32483","97.60719","98.97931","99.37821","","99.57336","","","",
"Iran, Islamic Rep.","IRN","Net enrolment rate, secondary, both sexes (%)","SE.SEC.NENR","","","","","","","","","","","","","","","","","","","","","","","","","","","","","","","","","","","","","","","","","","","","","","","","","","78.44788","77.63697","80.62898","82.96468","80.26012","80.7312","",
"Iraq","IRQ","Net enrolment rate, secondary, both sexes (%)","SE.SEC.NENR","","","","","","","","","","","","","","","","25.77162","26.26116","28.62422","34.34777","39.67223","43.18237","43.72145","45.0735","","","40.53621","","40.59591","39.25316","38.53873","","","","35.19344","","","","","","30.39877","32.2628","","","35.71121","40.31026","","","44.77845","","","","","","","","",
"Iceland","ISL","Net enrolment rate, secondary, both sexes (%)","SE.SEC.NENR","","","","","","","","","","","","","","","","","","72.2815","","","","","","","","","","","","","","","","","","","","","86.14608","84.26627","82.79965","82.48539","84.9753","86.593","88.12107","88.84414","89.33781","89.35121","89.34013","88.20398","89.50453","88.38543","88.08198","","","",
"Israel","ISR","Net enrolment rate, secondary, both sexes (%)","SE.SEC.NENR","","","","","","","","","","","","","","","","","","","","","","","","","","","","","","","","","","","","","","","","96.06181","97.92391","98.94632","99.61436","99.65842","99.90999","99.77455","99.74289","99.3861","98.69106","98.39357","98.05049","98.07147","97.39531","97.80741","","",
"Italy","ITA","Net enrolment rate, secondary, both sexes (%)","SE.SEC.NENR","","","","","","","","","","","","","","","","","","","","","","","","","","","","","","","","","","","","","","","","84.78987","86.22732","87.59416","89.76131","90.34582","91.47615","91.43693","92.3989","92.19013","94.51409","94.38269","95.70282","93.72087","93.64401","95.32647","","",
"Jamaica","JAM","Net enrolment rate, secondary, both sexes (%)","SE.SEC.NENR","","","","","","","","","","","","","","","","54.76049","57.10335","58.46999","","","","63.88369","","60.98452","59.05208","59.92123","57.64754","","","","","","","","","","","","","82.28005","77.28788","76.32239","76.67066","76.71772","81.70709","81.44181","","","","","","77.71826","","73.75613","73.51494","",
"Jordan","JOR","Net enrolment rate, secondary, both sexes (%)","SE.SEC.NENR","","","","","","","","","","","","","","","","","","","","","","","","","","","","","","","","","","","","","","","","77.5218","79.34209","","83.556","84.47075","84.15907","81.99806","85.90208","","87.11578","","","85.47994","","","","",
"Japan","JPN","Net enrolment rate, secondary, both sexes (%)","SE.SEC.NENR","","","","","","","","","","","","","","","","","","","93.24029","","","","","","","","","","","95.36159","","","","","98.94419","99.83584","","","","99.14993","","100","100","99.74864","99.07287","98.9149","98.2759","97.73131","98.01728","98.31323","98.96963","99.08333","99.14018","99.20162","","",
"Kazakhstan","KAZ","Net enrolment rate, secondary, both sexes (%)","SE.SEC.NENR","","","","","","","","","","","","","","","","","","","","","","","","","","","","","","","","","","","","","","","","","88.37531","","","","","","94.17762","","","","","","92.78353","92.66351","95.94628","",
"Kenya","KEN","Net enrolment rate, secondary, both sexes (%)","SE.SEC.NENR","","","","","","","","","","","","","","","","","","","","","","","","","","","","","","","","","","","","","","","","","33.32146","34.15042","34.66572","36.31083","39.17461","41.03051","42.28155","44.44172","49.71437","50.24138","","","56.51078","","","",
"Kyrgyz Republic","KGZ","Net enrolment rate, secondary, both sexes (%)","SE.SEC.NENR","","","","","","","","","","","","","","","","","","","","","","","","","","","","","","","","","","","","","","","","","","","","","82.04462","80.3481","80.22155","79.86678","79.7823","78.34139","77.92062","79.41255","","80.58064","80.17757","",
"Cambodia","KHM","Net enrolment rate, secondary, both sexes (%)","SE.SEC.NENR","","","","","","","","","","","","","","","","","","","","","","","","","","","","","","","","","","","","","","","16.5493","14.8304","15.5666","16.77445","22.1816","26.40266","27.34834","","32.14466","35.78305","38.19183","","","","","","","",
"Kiribati","KIR","Net enrolment rate, secondary, both sexes (%)","SE.SEC.NENR","","","","","","","","","","","","","","","","","","","","","","","","","","","23.33294","","","","","","","","","","","","","","","","","68.65428","69.07597","69.14219","","","","","","","","","","",
"St. Kitts and Nevis","KNA","Net enrolment rate, secondary, both sexes (%)","SE.SEC.NENR","","","","","","","","","","","","","","","","","","","","","","","","","","","66.59458","","73.98885","74.49093","","","79.02032","","","","","","","","95.82966","90.95349","81.90889","78.93943","78.01603","79.9117","","84.49433","91.1669","90.4388","88.32315","85.90589","70.09225","85.0264","82.93194","",
"Korea, Rep.","KOR","Net enrolment rate, secondary, both sexes (%)","SE.SEC.NENR","","","","","","","","","","","","35.97775","39.7339","42.71768","46.30472","50.09903","53.97355","57.75924","61.15702","64.92359","69.6928","73.61106","","","81.20938","82.82405","84.56004","","","84.1739","","88.16816","87.41882","","","","98.62161","99.44843","96.63765","95.94332","94.98544","92.56578","89.03712","87.45414","87.77319","91.23945","95.8499","98.0701","97.44916","96.73594","94.7968","94.38797","","98.13284","96.15284","",
"Kosovo","KSV","Net enrolment rate, secondary, both sexes (%)","SE.SEC.NENR","","","","","","","","","","","","","","","","","","","","","","","","","","","","","","","","","","","","","","","","","","","","","","","","","","","","","","","","",
"Kuwait","KWT","Net enrolment rate, secondary, both sexes (%)","SE.SEC.NENR","","","","","","","","","","","","52.81463","51.70442","50.52674","","","","","66.19009","67.92535","71.1687","","","","","","","","","","","","45.86822","","67.6734","","96.70203","95.22799","","88.59017","88.87975","88.58423","","","","","88.49959","86.77875","84.19375","80.82439","83.47903","83.02159","83.01683","","","",
"Latin America & Caribbean (excluding high income)","LAC","Net enrolment rate, secondary, both sexes (%)","SE.SEC.NENR","","","","","","","","","","","","","","","","","","","","","","","","","","","53.20644","53.4446","53.46062","53.21344","53.50868","53.50656","53.92461","54.22566","54.75705","55.63761","56.83609","57.25973","58.76421","59.45209","60.10868","62.01936","63.81178","65.3374","67.01212","68.11282","69.38679","70.63496","71.50568","72.68617","73.55562","74.23557","74.68014","75.40685","","",
"Lao PDR","LAO","Net enrolment rate, secondary, both sexes (%)","SE.SEC.NENR","","","","","","","","","","","","","","","","","","","","","","","","","","","","","","","","","13.94483","14.44007","17.12353","","","20.76963","22.99004","25.67611","27.47787","29.04576","30.03886","33.35791","34.95657","35.159","34.32019","35.23143","36.05672","37.49638","39.25608","39.88004","42.52031","45.77337","50.87638","",
"Lebanon","LBN","Net enrolment rate, secondary, both sexes (%)","SE.SEC.NENR","","","","","","","","","","","","","","","","","","","","","","","","","","","","","","","","","","","","","","","","","","","","","","","69.49294","69.08666","69.67266","70.79084","69.06072","69.62761","64.83652","","","",
"Liberia","LBR","Net enrolment rate, secondary, both sexes (%)","SE.SEC.NENR","","","","","","","","","","","","","","","","","","","","","","","","","","","","","","","","","","","","","","","","","","","","","","","","","","","","","","","16.6531","",
"Libya","LBY","Net enrolment rate, secondary, both sexes (%)","SE.SEC.NENR","","","","","","","","","","","","13.34852","16.11209","20.88214","28.28245","33.48371","41.89485","46.33326","52.61067","55.96057","58.24733","55.84204","","58.97877","","","","","","","","","","","","","","","","","","","","","","","","","","","","","","","","",
"St. Lucia","LCA","Net enrolment rate, secondary, both sexes (%)","SE.SEC.NENR","","","","","","","","","","","","","","","","","","","","","","","","","","","","","","","","","","","","","","","","60.90013","62.28744","60.85208","60.3525","63.60869","62.59162","67.92679","68.58648","77.0447","80.07374","83.20103","83.75438","82.85229","82.41738","80.65652","","",
"Latin America & Caribbean","LCN","Net enrolment rate, secondary, both sexes (%)","SE.SEC.NENR","","","","","","","","","","","","","","","","","","","","","","","","","","","54.00793","54.27494","54.33327","54.05053","54.27368","54.69891","55.09248","54.93228","55.43678","56.28907","57.45724","57.87241","59.31794","60.03326","60.77336","62.66528","64.44946","65.98582","67.62065","68.69381","69.9181","71.06371","71.88642","72.97701","73.83946","74.48336","74.89048","75.66834","","",
"Least developed countries: UN classification","LDC","Net enrolment rate, secondary, both sexes (%)","SE.SEC.NENR","","","","","","","","","","","","","","","","","11.96512","11.8386","12.34255","13.02489","13.98933","13.77775","14.55607","15.28113","15.59715","15.48859","15.41718","15.58813","15.71507","15.74036","15.3946","16.29578","17.02144","17.68173","18.56429","19.70893","20.47834","21.12427","22.13072","22.94896","23.96216","24.77308","25.76528","26.26221","26.58431","27.04894","28.23274","29.11554","30.10135","31.53576","32.69528","33.26743","34.17855","34.32078","","",
"Low income","LIC","Net enrolment rate, secondary, both sexes (%)","SE.SEC.NENR","","","","","","","","","","","","","","","","12.86822","13.01883","12.9628","13.59581","14.42017","15.59921","15.49684","16.51892","17.49573","17.95998","18.28172","18.18494","18.49704","18.55255","18.37338","17.87442","18.79477","19.39358","19.96442","20.78962","22.0497","22.88612","23.58496","24.62789","25.41602","26.48537","27.28447","28.27152","28.71136","29.04445","29.60286","30.92076","31.83307","33.01308","34.29495","35.4607","36.16463","37.06876","37.11211","","",
"Liechtenstein","LIE","Net enrolment rate, secondary, both sexes (%)","SE.SEC.NENR","","","","","","","","","","","","","","","","","","","","","","","","","","","","","","","","","","","","","","","","","","","","94.00596","91.9797","","","","90.65952","91.82644","91.15397","92.36228","92.11856","","","",
"Sri Lanka","LKA","Net enrolment rate, secondary, both sexes (%)","SE.SEC.NENR","","","","","","","","","","","","","","","","","","","","","","","","","","","58.67162","","","","","","","","","","","","","","","","","","","","","","","","84.09293","85.42614","","","","",
"Lower middle income","LMC","Net enrolment rate, secondary, both sexes (%)","SE.SEC.NENR","","","","","","","","","","","","","","","","","","","","","","","","","","","","","","","","","","","","","","","","41.0597","42.22983","42.6563","43.77735","45.70943","47.1151","48.25893","49.41025","51.36427","52.95573","52.96227","55.319","57.76422","59.59507","59.66249","","",
"Low & middle income","LMY","Net enrolment rate, secondary, both sexes (%)","SE.SEC.NENR","","","","","","","","","","","","","","","","","","","","","","","","","","","","","","","","","","","","","","","45.72759","45.98816","46.8512","47.54572","48.38426","49.75076","50.90686","51.87548","53.17514","54.93807","56.50228","57.30246","59.11384","60.83536","61.99757","62.49154","","",
"Lesotho","LSO","Net enrolment rate, secondary, both sexes (%)","SE.SEC.NENR","","","","","","","","","","","","4.58303","","6.74097","","","","9.78982","9.6736","11.58411","12.11338","12.57944","13.17182","11.73872","11.92403","12.3102","12.72727","","","","","15.01688","16.94318","17.87792","16.83361","","18.8121","","14.25611","18.39074","20.25421","22.29548","22.87989","23.3759","24.01029","25.40249","25.2936","26.32914","27.90663","29.81042","32.35979","32.96568","33.36515","","34.6867","",
"Late-demographic dividend","LTE","Net enrolment rate, secondary, both sexes (%)","SE.SEC.NENR","","","","","","","","","","","","","","","","","","","","","","","","","","","","","","","","","","","","","","","","","","","","","","","","","","","","","","","","",
"Lithuania","LTU","Net enrolment rate, secondary, both sexes (%)","SE.SEC.NENR","","","","","","","","","","","","","","","","","","","","","","","","","","","","","","","","","","","","82.97102","85.17269","","88.81879","90.21711","92.05564","93.83239","96.66513","98.56684","99.131","98.29653","95.72605","94.54197","93.56952","93.25199","93.19291","92.82778","92.7489","94.25682","","",
"Luxembourg","LUX","Net enrolment rate, secondary, both sexes (%)","SE.SEC.NENR","","","","","","","","","","","","44.26059","44.19388","44.37488","44.90093","55.41967","56.31505","57.35398","58.5089","","","","67.68362","68.13388","68.38699","","67.48609","66.98925","60.9687","","","","","","","65.99029","69.40279","69.34989","","83.96286","83.93587","80.66429","79.9853","80.0991","79.71694","82.97297","83.50005","84.14804","85.02354","","86.81947","86.46764","85.80783","85.44227","","",
"Latvia","LVA","Net enrolment rate, secondary, both sexes (%)","SE.SEC.NENR","","","","","","","","","","","","","","","","","","","","","","","","","","","","","","","","","","","79.00995","","","","","","","","","","","","","","91.61957","88.4659","86.45642","85.42546","84.52332","89.85892","","",
"Macao SAR, China","MAC","Net enrolment rate, secondary, both sexes (%)","SE.SEC.NENR","","","","","","","","","","","","","","","","","","","","","","","","","","","","","","","47.19405","","52.69105","","","","","","","65.13547","68.60759","71.44597","74.98155","78.94554","82.35931","84.51611","84.78321","80.444","76.95539","76.20466","77.37534","79.23645","78.60729","78.24857","78.36785","",
"St. Martin (French part)","MAF","Net enrolment rate, secondary, both sexes (%)","SE.SEC.NENR","","","","","","","","","","","","","","","","","","","","","","","","","","","","","","","","","","","","","","","","","","","","","","","","","","","","","","","","",
"Morocco","MAR","Net enrolment rate, secondary, both sexes (%)","SE.SEC.NENR","","","","","","","","","","","","","","","","","","","","","","","","","","","","","","","","","","","","","","","","","","","","","","39.73531","42.10809","44.84263","46.95611","","50.53357","53.22188","56.14245","","","",
"Monaco","MCO","Net enrolment rate, secondary, both sexes (%)","SE.SEC.NENR","","","","","","","","","","","","","","","","","","","","","","","","","","","","","","","","","","","","","","","","","","","","","","","","","","","","","","","","",
"Moldova","MDA","Net enrolment rate, secondary, both sexes (%)","SE.SEC.NENR","","","","","","","","","","","","","","","","","","","","","","","","","","","","","","","","","","","","","","","","","78.24249","78.03685","78.91573","80.06647","81.07953","81.78983","81.34888","80.55401","83.49852","79.55915","78.62414","77.74841","77.909","77.19155","","",
"Madagascar","MDG","Net enrolment rate, secondary, both sexes (%)","SE.SEC.NENR","","","","","","","","","","","","","","","","","","","","","","","","","","","","","","","","","","","","","","","","","","","","","","17.04339","","21.51884","23.0425","24.72134","","29.81233","30.92519","","31.08041","",
"Maldives","MDV","Net enrolment rate, secondary, both sexes (%)","SE.SEC.NENR","","","","","","","","","","","","","","","","","","","","","","","","","","","","","","","","","","","","","","","","29.29607","36.86517","","47.89879","","","","","","","","","","","","","",
"Middle East & North Africa","MEA","Net enrolment rate, secondary, both sexes (%)","SE.SEC.NENR","","","","","","","","","","","21.7939","21.73541","23.84105","25.51326","26.49081","28.42054","30.35593","32.39777","34.32399","35.5389","36.49196","37.12799","38.44587","39.41992","40.45124","41.62756","43.47911","44.77311","45.49993","46.64603","49.202","49.74195","49.83144","51.5306","54.15656","54.84249","55.38386","56.9247","58.63081","60.3243","61.60443","62.68868","63.56572","64.78334","65.96716","65.9179","66.21996","65.38358","66.60928","68.24516","69.00904","71.98531","73.19513","71.70615","","",
"Mexico","MEX","Net enrolment rate, secondary, both sexes (%)","SE.SEC.NENR","","","","","","","","","","","","","","","","","","","","","","","","","","","44.95534","45.28586","44.52039","42.96671","43.86364","43.61847","","","45.68574","47.57098","49.73852","","","53.61683","54.64298","","58.67618","61.23153","62.85274","64.18961","65.27563","66.42477","67.05149","66.9519","66.95843","66.91566","67.40974","","","",
"Marshall Islands","MHL","Net enrolment rate, secondary, both sexes (%)","SE.SEC.NENR","","","","","","","","","","","","","","","","","","","","","","","","","","","","","","","","","","","","","","","","","","","62.65226","","","","","63.00728","","","","","","","","",
"Middle income","MIC","Net enrolment rate, secondary, both sexes (%)","SE.SEC.NENR","","","","","","","","","","","","","","","","","","","","","","","","","","","","","","","","","","","","","","","49.19874","49.37926","50.20557","50.87545","51.68998","53.22934","54.57415","55.68424","57.07722","59.11113","60.88335","61.729","63.81819","65.89748","67.25789","67.99487","","",
"Macedonia, FYR","MKD","Net enrolment rate, secondary, both sexes (%)","SE.SEC.NENR","","","","","","","","","","","","","","","","","","","","","","","","","","","","","","","","","","","","","","","","","","","","","","82.18227","","","","","","","","","","",
"Mali","MLI","Net enrolment rate, secondary, both sexes (%)","SE.SEC.NENR","","","","","","","","","","","","3.57855","3.61287","4.00769","3.95896","","","","","","","","","","","","","","","","","5.51798","","","","","","","","","","","","","","","","","27.34532","28.41036","30.27297","31.56313","","32.70159","34.61612","",
"Malta","MLT","Net enrolment rate, secondary, both sexes (%)","SE.SEC.NENR","","","","","","","","","","","","46.87761","54.19636","55.53389","57.08678","64.33797","68.2324","66.97743","66.34831","65.52388","69.93986","68.09826","73.89451","77.06447","79.52945","79.83033","77.94462","76.39773","76.00067","77.39424","78.68947","78.34555","80.60377","80.35383","80.49398","81.83722","81.32313","82.79449","82.57239","82.19382","83.47338","81.37712","82.06281","86.01434","87.49053","87.94062","86.24522","","79.8132","","79.14548","","81.14008","79.7943","79.88234","",
"Myanmar","MMR","Net enrolment rate, secondary, both sexes (%)","SE.SEC.NENR","","","","","","","","","","","","","","","","","","","","","","","","","","","","","","","","","","","","","","","","29.05527","32.44719","35.38452","35.27949","35.97438","40.3929","40.97684","43.15421","43.47855","45.33111","44.82417","45.05597","","","","48.25644","",
"Middle East & North Africa (excluding high income)","MNA","Net enrolment rate, secondary, both sexes (%)","SE.SEC.NENR","","","","","","","","","","","20.81013","20.78059","23.05332","24.87451","25.92712","27.99869","30.05829","32.19999","34.23854","35.51379","36.39711","36.94843","38.22823","39.11918","40.11235","41.25673","43.19237","44.54696","45.22892","46.34691","49.02813","49.56358","49.64217","51.29414","53.96295","54.51951","54.9608","56.50803","58.20035","59.85267","61.07475","62.11958","62.95264","64.17245","65.34439","65.1697","65.40804","64.33616","65.35562","66.82678","67.38827","70.42249","71.48801","69.45645","","",
"Montenegro","MNE","Net enrolment rate, secondary, both sexes (%)","SE.SEC.NENR","","","","","","","","","","","","","","","","","","","","","","","","","","","","","","","","","","","","","","","","","","","","","","","","","","","","","","","","",
"Mongolia","MNG","Net enrolment rate, secondary, both sexes (%)","SE.SEC.NENR","","","","","","","","","","","","","","","","","","","","","78.88534","","","","","","","","","","","","","","","59.40641","60.71197","57.52138","58.89794","58.16489","62.02764","67.90606","71.64163","76.57349","80.70428","82.73956","81.88342","","","","","","","","86.32153","",
"Northern Mariana Islands","MNP","Net enrolment rate, secondary, both sexes (%)","SE.SEC.NENR","","","","","","","","","","","","","","","","","","","","","","","","","","","","","","","","","","","","","","","","","","","","","","","","","","","","","","","","",
"Mozambique","MOZ","Net enrolment rate, secondary, both sexes (%)","SE.SEC.NENR","","","","","","","","","","","","","","","","","","","","","","","","","","","","","","","","","6.26141","6.27947","6.09201","6.3479","","","","2.68421","3.19387","3.43744","4.27591","","4.04257","6.89258","8.69134","10.22201","11.7643","14.00175","15.29914","16.33355","16.70525","17.29185","17.89132","",
"Mauritania","MRT","Net enrolment rate, secondary, both sexes (%)","SE.SEC.NENR","","","","","","","","","","","","","","","","","","","","","","","","","","","","","","","","","","","","","","","","","","13.71829","13.75402","","13.10665","14.21593","14.42482","","","","","","21.91567","21.52202","","",
"Mauritius","MUS","Net enrolment rate, secondary, both sexes (%)","SE.SEC.NENR","","","","","","","","","","","","","","","","","","","","","","42.1666","41.36544","","","","","","","","","","","","","","","","64.42642","66.43395","68.24067","70.41519","73.47958","","79.37135","","","","","","","","","","","",
"Malawi","MWI","Net enrolment rate, secondary, both sexes (%)","SE.SEC.NENR","","","","","","","","","","","","","","","","","","","","","","","","","","","","","","","","","","","","","","","26.00801","28.74926","29.62409","26.7459","25.80883","","23.52058","22.81023","24.17854","24.41798","26.52119","26.97872","28.33103","29.29029","29.70547","32.02767","32.94229","",
"Malaysia","MYS","Net enrolment rate, secondary, both sexes (%)","SE.SEC.NENR","","","","","","","","","","","32.73085","34.59023","36.08329","","","","","","","","","","","","","","","","","","","","","","","","","","66.49122","66.06205","65.99534","65.6326","65.79738","70.90676","71.72218","68.38792","67.73677","65.88974","65.73577","65.11683","66.35651","66.27818","68.82441","68.73607","","",
"North America","NAC","Net enrolment rate, secondary, both sexes (%)","SE.SEC.NENR","","","","","","","","","","","","","","","","","","","","","","","","","","","88.21808","88.24301","86.78575","85.32934","83.86662","83.66085","85.41706","87.22106","88.15414","88.05264","87.18663","87.35609","87.52368","86.77225","85.51657","86.35387","85.09369","88.26852","89.09924","88.8707","88.58579","88.78238","88.95673","88.32147","86.96543","87.61959","87.69255","87.94623","","",
"Namibia","NAM","Net enrolment rate, secondary, both sexes (%)","SE.SEC.NENR","","","","","","","","","","","","","","","","","","","","","","","","","","","","","","","","","","","","31.8756","","","35.98616","38.98495","42.74987","44.56514","50.19182","47.20375","48.34539","49.9556","50.20326","51.30024","","","","","","53.87794","","",
"New Caledonia","NCL","Net enrolment rate, secondary, both sexes (%)","SE.SEC.NENR","","","","","","","","","","","","","","","","","","","","","","","","","","","","","","","","","","","","","","","","","","","","","","","","","","","","","","","","",
"Niger","NER","Net enrolment rate, secondary, both sexes (%)","SE.SEC.NENR","","","","","","","","","","","","","","","1.39216","","1.67988","2.10489","2.52661","3.0621","","3.52115","","","","","","","","","5.50011","5.92455","","","","","","5.63254","","5.65435","","5.56495","5.77169","6.39371","7.77444","8.7722","","9.11259","9.77857","9.94197","11.26434","11.92356","","","15.66504","",
"Nigeria","NGA","Net enrolment rate, secondary, both sexes (%)","SE.SEC.NENR","","","","","","","","","","","","","","","","","","","","","","","","","","","","","","","","","","","","","","","","","","","","","","","","","","","","","","","","",
"Nicaragua","NIC","Net enrolment rate, secondary, both sexes (%)","SE.SEC.NENR","","","","","","","","","","","","11.74384","","","","","","","","","20.26642","","","19.24856","17.83679","16.82576","18.13399","20.19831","","21.0297","","","","","","","","","","","37.05372","39.27882","41.51301","","44.88193","48.29269","46.22955","","","","48.91955","","","","","",
"Netherlands","NLD","Net enrolment rate, secondary, both sexes (%)","SE.SEC.NENR","","","","","","","","","","","","69.28302","72.12729","74.02882","76.11247","77.30653","80.58076","81.57295","81.72293","81.30514","80.60971","80.22312","80.87521","82.01271","83.68698","83.8994","87.39935","87.54335","85.93058","84.62068","83.90078","83.97499","84.81089","86.31701","","91.52642","91.50665","90.2504","","92.17413","","","90.47849","89.09826","89.563","87.60943","89.21843","89.34933","89.0439","88.48098","88.63635","89.64797","90.40082","92.24765","","",
"Norway","NOR","Net enrolment rate, secondary, both sexes (%)","SE.SEC.NENR","","","","","","","","","","","","","","","","","","","80.80105","82.09294","","83.50872","84.05924","","85.31371","85.9269","86.0291","85.19352","84.6041","85.06368","87.35096","87.72846","88.91467","90.74299","","","","96.61031","96.18656","95.29044","94.77692","94.39774","94.21145","95.17286","96.20594","96.85547","97.24655","97.50737","96.81666","96.06467","95.82794","95.54154","94.60175","94.86361","","",
"Nepal","NPL","Net enrolment rate, secondary, both sexes (%)","SE.SEC.NENR","","","","","","","","","","","","","","","","","","","","","","","","","","","","","","","","","","","","","","","","","","","","","","","","44.87454","48.18024","","50.45694","54.69006","57.64024","58.79646","59.67913","",
"Nauru","NRU","Net enrolment rate, secondary, both sexes (%)","SE.SEC.NENR","","","","","","","","","","","","","","","","","","","","","","","","","","","","","","","","","","","","","","","","","","","","","","","","","","","","","75","","71.94534","",
"New Zealand","NZL","Net enrolment rate, secondary, both sexes (%)","SE.SEC.NENR","","","","","","","","","","","","","","","","","","80.16232","","80.22774","79.53944","80.23093","81.07007","83.44842","83.20376","82.28155","82.30331","82.55768","83.62319","84.11471","84.64281","86.57271","87.58508","","92.28754","89.87397","93.01489","91.53601","90.61686","","","","91.42089","","","","","","","94.43956","94.64178","96.25718","96.16885","96.25489","","",
"OECD members","OED","Net enrolment rate, secondary, both sexes (%)","SE.SEC.NENR","","","","","","","","","","","","","","","","","","70.23849","70.67686","69.85264","72.8889","73.19509","74.43034","74.88182","75.61056","75.73734","76.56458","76.86937","76.43076","76.02273","75.89413","76.7541","77.70712","79.63031","81.44123","81.97154","82.1457","82.15261","81.82053","81.94836","82.48127","83.64236","83.87272","85.20422","85.79587","86.48237","86.5312","86.5994","86.87215","86.45217","86.71637","86.93794","86.69324","87.91587","","",
"Oman","OMN","Net enrolment rate, secondary, both sexes (%)","SE.SEC.NENR","","","","","","","","","","","","","","","","","","","3.57781","5.28208","","10.13505","12.05727","","","","","","","","","","","49.2631","","","","","","64.2614","68.57699","72.17742","74.11499","74.80287","","","","","","90.47454","","91.74659","88.54093","","","",
"Other small states","OSS","Net enrolment rate, secondary, both sexes (%)","SE.SEC.NENR","","","","","","","","","","","","","","","","","","","","","23.00215","23.28281","23.54338","23.70483","24.11044","24.32014","24.41831","24.4989","24.82719","25.44088","25.98422","27.36239","28.39977","29.40933","29.72912","30.5721","32.12799","33.34564","33.71709","34.22067","35.40264","36.41135","38.08208","38.95594","40.55957","41.66019","41.86504","42.75193","43.64497","44.5546","","","45.92975","","","",
"Pakistan","PAK","Net enrolment rate, secondary, both sexes (%)","SE.SEC.NENR","","","","","","","","","","","","","","","","","","","","","","","","","","","","","","","","","","","","","","","","","","","","","","","31.87522","34.37327","34.75269","34.89231","","36.2834","37.80891","39.3455","41.17535","",
"Panama","PAN","Net enrolment rate, secondary, both sexes (%)","SE.SEC.NENR","","","","","","","","","","","","","","","","","","","","","","","","","","","","","","","","","","","","","","","","57.06657","58.28683","60.38264","62.20112","","61.73259","61.99431","","","63.55077","63.59889","66.15957","65.55292","77.83375","","","",
"Peru","PER","Net enrolment rate, secondary, both sexes (%)","SE.SEC.NENR","","","","","","","","","","","26.27268","","","","","","","","","","","44.90483","","","","","","","","","","","","","","53.03268","54.78825","55.4927","61.67553","62.62887","65.02021","67.82106","68.37186","","68.30166","69.87326","72.10739","75.52788","77.06999","79.91467","79.7492","80.02708","75.52851","79.46378","78.37956","",
"Philippines","PHL","Net enrolment rate, secondary, both sexes (%)","SE.SEC.NENR","","","","","","","","","","","","","","","","","","","","46.19161","","","","","","","","","","","","","55.36728","56.84965","57.69222","","57.93086","","48.53644","49.79617","","50.85202","54.58891","57.32033","59.23955","58.83506","59.01942","59.82484","60.38553","61.14485","","","","67.44246","","",
"Palau","PLW","Net enrolment rate, secondary, both sexes (%)","SE.SEC.NENR","","","","","","","","","","","","","","","","","","","","","","","","","","","","","","","","","","","","","","","","","","","","","","","","","","","","","","95.25175","94.47592","",
"Papua New Guinea","PNG","Net enrolment rate, secondary, both sexes (%)","SE.SEC.NENR","","","","","","","","","","","","","","","","","","","","","","","","","","","","","","","","","","","","","","","","","","","","","","","","","","","","","","","","",
"Poland","POL","Net enrolment rate, secondary, both sexes (%)","SE.SEC.NENR","","","","","","","","","","","","","","","","","","","","","","","","","","","","","","","","","","","","","","","","89.21437","89.43274","90.03393","90.83501","91.219","89.59061","91.94088","92.0653","91.81041","91.29324","90.67203","90.3791","90.02568","90.28355","92.06931","","",
"Pre-demographic dividend","PRE","Net enrolment rate, secondary, both sexes (%)","SE.SEC.NENR","","","","","","","","","","","","","","","","","","","","","","","","","","","","","","","","","","","","","","","","","","","","","","","","","","","","","","","","",
"Puerto Rico","PRI","Net enrolment rate, secondary, both sexes (%)","SE.SEC.NENR","","","","","","","","","","","","","","","","","","","","","","","","","","","","","","","","","","","","","","","","","","","","","","","","","","","","73.54088","73.30443","74.67848","","",
"Korea, Dem. People’s Rep.","PRK","Net enrolment rate, secondary, both sexes (%)","SE.SEC.NENR","","","","","","","","","","","","","","","","","","","","","","","","","","","","","","","","","","","","","","","","","","","","","","","","","","98.53515","","","","","","",
"Portugal","PRT","Net enrolment rate, secondary, both sexes (%)","SE.SEC.NENR","","","","","","","","","","","","","","22.42261","22.99249","","29.63636","31.55987","32.26078","","","","","","","","","","","","","","","69.62207","77.12733","75.55824","","","","80.74749","81.73498","79.36842","79.14361","80.41117","","82.1279","82.71352","","","","","","","92.73551","","",
"Paraguay","PRY","Net enrolment rate, secondary, both sexes (%)","SE.SEC.NENR","","","","","","","","","","","","","","","","","","","","","","","","","","","","","","","","","","","33.34363","","38.27053","","43.11366","46.05313","","52.22996","53.5081","54.81802","56.92883","57.76089","58.13649","58.80505","60.04082","60.5406","61.52307","63.26829","66.45952","","","",
"Pacific island small states","PSS","Net enrolment rate, secondary, both sexes (%)","SE.SEC.NENR","","","","","","","","","","","","","","","","","","","","","","","","","","","","","","","","","","","","","","","57.2038","57.9817","55.24635","57.26024","59.68835","60.35801","62.52067","62.67613","64.64658","62.79418","64.03069","65.29217","67.19053","67.44935","66.42522","65.43884","","",
"Post-demographic dividend","PST","Net enrolment rate, secondary, both sexes (%)","SE.SEC.NENR","","","","","","","","","","","","","","","","","","","","","","","","","","","","","","","","","","","","","","","","","","","","","","","","","","","","","","","","",
"French Polynesia","PYF","Net enrolment rate, secondary, both sexes (%)","SE.SEC.NENR","","","","","","","","","","","","","","","","","","","","","","","","","","","","","","","","","","","","","","","","","","","","","","","","","","","","","","","","",
"Qatar","QAT","Net enrolment rate, secondary, both sexes (%)","SE.SEC.NENR","","","","","","","","","","","","24.22821","25.2946","26.88889","28.38498","","37.62989","37.69994","44.29703","49.37255","54.28683","57.33184","","63.50721","63.72573","66.64299","69.28217","61.63767","62.8364","","65.85515","67.6629","68.68767","76.86181","81.44073","","","","78.80869","73.03229","","","74.43745","","98.16925","97.95019","95.2244","80.65425","","84.14495","89.97097","94.53256","","","","",
"Romania","ROU","Net enrolment rate, secondary, both sexes (%)","SE.SEC.NENR","","","","","","","","","","","","","","","","","","","","","","","","","","","","","","","","","","","","","69.67768","70.42217","","","","","","","","","","","","","","","","86.75281","","",
"Russian Federation","RUS","Net enrolment rate, secondary, both sexes (%)","SE.SEC.NENR","","","","","","","","","","","","","","","","","","","","","","","","","","","","","","","","","","","","","","","","","","","","","","","","","","","","","","","","",
"Rwanda","RWA","Net enrolment rate, secondary, both sexes (%)","SE.SEC.NENR","","","","","","","","","","","","","","","","","","","","","","","","","","","","","","","","","","","","","","","","","","","","","","","","","","","","","","","","",
"South Asia","SAS","Net enrolment rate, secondary, both sexes (%)","SE.SEC.NENR","","","","","","","","","","","","","","","","","","","","","","","","","","","","","","","","","","","","","","","","38.31358","39.61383","39.83199","41.17557","42.7639","43.9511","45.74118","47.18798","49.22441","51.39219","","","","","","","",
"Saudi Arabia","SAU","Net enrolment rate, secondary, both sexes (%)","SE.SEC.NENR","","","","","","","","","","","","","","","","","","","","17.35909","","","","","","","","","","","","","","","","","","","","","","","","","","","","","","74.24041","","","","80.46037","87.83481","",
"Sudan","SDN","Net enrolment rate, secondary, both sexes (%)","SE.SEC.NENR","","","","","","","","","","","","","","","","","","","","","","","","","","","","","","","","","","","","","","","","","","","","","","","","","","","","","","","","",
"Senegal","SEN","Net enrolment rate, secondary, both sexes (%)","SE.SEC.NENR","","","","","","","","","","","","","","","","","","","","","","","","","","","","","","","","","","","","","","","","","","","","","14.77806","19.46835","20.43139","","","","","","","","","",
"Singapore","SGP","Net enrolment rate, secondary, both sexes (%)","SE.SEC.NENR","","","","","","","","","","","","","","","","","","","","","","","","","","","","","","","","","","","","","","","","","","","","","","","","","","","","","","","","",
"Solomon Islands","SLB","Net enrolment rate, secondary, both sexes (%)","SE.SEC.NENR","","","","","","","","","","","","","","","","","","","","","","","","","","","","","","","","","","","","","","","","23.56227","18.8523","21.90349","28.25294","","","","34.28021","30.9881","","","42.98383","41.39211","42.21419","","","",
"Sierra Leone","SLE","Net enrolment rate, secondary, both sexes (%)","SE.SEC.NENR","","","","","","","","","","","","","","","","","","","","","","","","","","","","","","","","","","","","","","","","","","","","","","","","","","","","","36.87035","37.27371","","",
"El Salvador","SLV","Net enrolment rate, secondary, both sexes (%)","SE.SEC.NENR","","","","","","","","","","","","","","","","","","","","","","","","","","","","","","","","","","","","","","","","","48.07228","49.49422","53.32461","","","58.03402","57.26604","57.7625","58.97647","60.8941","63.78784","66.4519","68.63172","69.54193","","",
"San Marino","SMR","Net enrolment rate, secondary, both sexes (%)","SE.SEC.NENR","","","","","","","","","","","","","","","","","","","","","","","","","","","","","","","","","","","","","","","","","","","","","","","","","","","","","","","","",
"Somalia","SOM","Net enrolment rate, secondary, both sexes (%)","SE.SEC.NENR","","","","","","","","","","","","","","","","","","0.09863","0.13184","0.23391","0.22086","","","","","","","","","","","","","","","","","","","","","","","","","","","","","","","","","","","",
"Serbia","SRB","Net enrolment rate, secondary, both sexes (%)","SE.SEC.NENR","","","","","","","","","","","","","","","","","","","","","","","","","","","","","","","","","","","","","","","","","","","","","","","","","89.58781","90.24074","90.16584","90.33852","90.43852","93.02904","92.20523","",
"Sub-Saharan Africa (excluding high income)","SSA","Net enrolment rate, secondary, both sexes (%)","SE.SEC.NENR","","","","","","","","","","","","","","","","","","","","","","","","","","","","","","","","","","","","","","","19.8372","20.13014","20.79815","21.58575","22.53541","23.44784","24.65","25.50107","26.32232","27.14618","28.87426","30.2664","31.86621","32.56269","33.24433","33.71387","","",
"South Sudan","SSD","Net enrolment rate, secondary, both sexes (%)","SE.SEC.NENR","","","","","","","","","","","","","","","","","","","","","","","","","","","","","","","","","","","","","","","","","","","","","","","","","","","","","","","","",
"Sub-Saharan Africa","SSF","Net enrolment rate, secondary, both sexes (%)","SE.SEC.NENR","","","","","","","","","","","","","","","","","","","","","","","","","","","","","","","","","","","","","","","19.84097","20.13342","20.80097","21.58662","22.53517","23.44676","24.64779","25.498","26.31849","27.14226","28.86903","30.26015","31.85884","32.5549","33.2361","33.70538","","",
"Small states","SST","Net enrolment rate, secondary, both sexes (%)","SE.SEC.NENR","","","","","","","","","","","","","","","33.09892","35.19622","36.15702","37.22535","37.85487","38.42984","39.25724","38.53535","38.60613","38.73334","38.69132","38.8779","38.7602","38.81276","39.16608","39.08907","39.51062","40.71539","41.43201","41.70899","42.28313","43.14941","44.57321","45.67778","44.94264","45.49998","45.72429","46.58694","47.90561","48.35836","50.08092","50.79769","51.08269","51.66895","52.37069","52.99739","53.20181","53.49752","53.20374","","","",
"Sao Tome and Principe","STP","Net enrolment rate, secondary, both sexes (%)","SE.SEC.NENR","","","","","","","","","","","","","","","","","","","","","","","","","","","","","31.11318","","","","","","","","","","","","","","","27.33681","25.89831","31.05325","","32.80716","32.13086","33.3726","35.73752","47.50757","","","","",
"Suriname","SUR","Net enrolment rate, secondary, both sexes (%)","SE.SEC.NENR","","","","","","","","","","","","","","","","","","","","","","","","","","","","51.14195","49.20113","","","","","","","","","","","","","","","","","","","","","50.68757","","58.04294","","54.23459","46.8771","",
"Slovak Republic","SVK","Net enrolment rate, secondary, both sexes (%)","SE.SEC.NENR","","","","","","","","","","","","","","","","","","","","","","","","","","","","","","","","","","","","","","","","","","","","","","","","","","","","","","","","",
"Slovenia","SVN","Net enrolment rate, secondary, both sexes (%)","SE.SEC.NENR","","","","","","","","","","","","","","","","","","","","","","","","","","","","","","","","","","","","","","","89.0648","90.05903","91.35797","92.00886","92.60334","92.93516","92.20607","91.96599","91.52516","92.76202","92.39873","92.55015","92.98562","93.13284","93.57599","95.07977","","",
"Sweden","SWE","Net enrolment rate, secondary, both sexes (%)","SE.SEC.NENR","","","","","","","","","","","","","","","","","","","","","","","","","","","","","","84.83303","84.89363","85.26744","86.44785","90.55864","93.79137","95.6296","97.53369","98.04705","","96.13272","95.55553","94.9465","97.42026","98.35012","98.72249","99.83368","99.61492","98.70258","97.38694","95.26175","93.13795","91.49473","92.44242","94.40162","","",
"Swaziland","SWZ","Net enrolment rate, secondary, both sexes (%)","SE.SEC.NENR","","","","","","","","","","","10.90473","11.21998","12.607","","16.6771","18.5436","19.66286","21.24521","","","","","","","","","","","","","","","","","","","","","35.03161","32.46169","29.81076","29.9376","30.16038","28.67004","32.64244","31.53918","27.7017","28.93231","","31.86647","32.8174","34.91854","35.41976","34.44769","","",
"Sint Maarten (Dutch part)","SXM","Net enrolment rate, secondary, both sexes (%)","SE.SEC.NENR","","","","","","","","","","","","","","","","","","","","","","","","","","","","","","","","","","","","","","","","","","","","","","","","","","","","","","","","",
"Seychelles","SYC","Net enrolment rate, secondary, both sexes (%)","SE.SEC.NENR","","","","","","","","","","","","","","","","","","","","44.91131","","","","","","","","","","","","","","78.89783","82.22944","82.16093","83.59729","","89.64277","66.51893","65.30846","71.20647","70.63019","74.91247","74.86817","81.55489","","78.47739","75.65267","75.5236","74.11187","74.93934","","","74.57037","",
"Syrian Arab Republic","SYR","Net enrolment rate, secondary, both sexes (%)","SE.SEC.NENR","","","","","","","","","","","","26.1094","","35.35388","35.56304","36.03809","38.45264","40.60159","41.42612","42.95067","42.38627","40.03999","","","","","","","","","","","","","","38.24198","37.64617","37.58723","38.63542","38.61945","39.45525","41.10424","41.18201","57.5947","61.10324","64.23241","64.081","65.76977","66.47542","66.65402","67.42585","69.54365","71.76486","46.6162","47.68119","",
"Turks and Caicos Islands","TCA","Net enrolment rate, secondary, both sexes (%)","SE.SEC.NENR","","","","","","","","","","","","","","","","","","","","","","","","","","","","","","","","","","","","","","","","","","","","","","","","","","","","","","","","",
"Chad","TCD","Net enrolment rate, secondary, both sexes (%)","SE.SEC.NENR","","","","","","","","","","","","","","","","","","","","","","","","","","","","","","","","","","","","","","","6.11675","6.99877","7.25045","8.40628","9.59906","10.53548","","","","","","","","","","","","",
"East Asia & Pacific (IDA & IBRD countries)","TEA","Net enrolment rate, secondary, both sexes (%)","SE.SEC.NENR","","","","","","","","","","","","","","","","","","","","","","","","","","","","","","","","","","","","","","","53.51693","54.20669","54.39356","54.78744","55.08726","56.56867","57.98501","58.90084","61.09445","64.51144","66.75652","68.98068","71.4607","74.20477","75.6824","77.66786","","",
"Europe & Central Asia (IDA & IBRD countries)","TEC","Net enrolment rate, secondary, both sexes (%)","SE.SEC.NENR","","","","","","","","","","","","","","","","","","","","","","","","","","","","","","","","","","","","","","","79.0433","79.71937","81.12574","82.65585","82.29472","83.04987","82.01405","82.09862","82.90839","83.68258","83.8764","83.6806","85.49342","86.94449","87.22165","88.73409","","",
"Togo","TGO","Net enrolment rate, secondary, both sexes (%)","SE.SEC.NENR","","","","","","","","","","","","","","","","","","","","","","","","","","","","","","","","15.76545","","","","","","","","20.36612","23.53322","","","","","","","","","","","","","","","",
"Thailand","THA","Net enrolment rate, secondary, both sexes (%)","SE.SEC.NENR","","","","","","","","","","","","","","15.63424","17.59966","","","","","","","","","","","","","","","","","","","","","","","","","","","","","","","","67.31999","71.52947","74.4474","77.20502","78.21939","81.75229","79.60135","","","",
"Tajikistan","TJK","Net enrolment rate, secondary, both sexes (%)","SE.SEC.NENR","","","","","","","","","","","","","","","","","","","","","","","","","","","","","","","","","","","","","","","","62.54882","70.4861","72.04594","74.86025","","77.98284","78.27034","79.18153","80.2492","81.32069","81.40049","82.21297","83.22482","","","","",
"Turkmenistan","TKM","Net enrolment rate, secondary, both sexes (%)","SE.SEC.NENR","","","","","","","","","","","","","","","","","","","","","","","","","","","","","","","","","","","","","","","","","","","","","","","","","","","","","","","","",
"Latin America & the Caribbean (IDA & IBRD countries)","TLA","Net enrolment rate, secondary, both sexes (%)","SE.SEC.NENR","","","","","","","","","","","","","","","","","","","","","","","","","","","53.42978","53.73183","53.79585","53.49754","53.75818","54.22595","54.68799","54.58443","55.18007","56.05192","57.16036","57.54394","58.98678","59.67716","60.35722","62.2528","64.06284","65.59624","67.27574","68.36485","69.61205","70.79932","71.66212","72.80334","73.65441","74.32249","74.73822","75.50604","","",
"Middle East & North Africa (IDA & IBRD countries)","TMN","Net enrolment rate, secondary, both sexes (%)","SE.SEC.NENR","","","","","","","","","","","20.31019","20.29696","22.59453","24.42526","25.47573","27.55803","29.63192","31.79136","33.86246","35.15071","36.04385","36.60191","37.89625","38.79711","39.8016","40.95934","42.91816","44.28799","44.97789","46.10574","48.82253","49.36127","49.439","51.11102","53.81363","54.37676","54.79302","56.32407","58.00787","59.64948","60.85567","61.89169","62.68668","63.87823","65.00268","64.80085","65.01772","63.92818","64.95953","66.47338","67.07607","70.20963","71.29626","69.2241","","",
"Timor-Leste","TLS","Net enrolment rate, secondary, both sexes (%)","SE.SEC.NENR","","","","","","","","","","","","","","","","","","","","","","","","","","","","","","","","","","","","","","","","","","","","","","","","","34.06473","39.8604","43.79449","47.051","","48.61192","51.84721","",
"Tonga","TON","Net enrolment rate, secondary, both sexes (%)","SE.SEC.NENR","","","","","","","","","","","","","","","","","","","","","","","","","","69.00682","","","","","81.84063","","","","","","","","70.31973","74.4594","","76.46749","","","","","","","","","","","82.9357","76.42927","","",
"South Asia (IDA & IBRD)","TSA","Net enrolment rate, secondary, both sexes (%)","SE.SEC.NENR","","","","","","","","","","","","","","","","","","","","","","","","","","","","","","","","","","","","","","","","38.31358","39.61383","39.83199","41.17557","42.7639","43.9511","45.74118","47.18798","49.22441","51.39219","","","","","","","",
"Sub-Saharan Africa (IDA & IBRD countries)","TSS","Net enrolment rate, secondary, both sexes (%)","SE.SEC.NENR","","","","","","","","","","","","","","","","","","","","","","","","","","","","","","","","","","","","","","","19.84097","20.13342","20.80097","21.58662","22.53517","23.44676","24.64779","25.498","26.31849","27.14226","28.86903","30.26015","31.85884","32.5549","33.2361","33.70538","","",
"Trinidad and Tobago","TTO","Net enrolment rate, secondary, both sexes (%)","SE.SEC.NENR","","","","","","","","","","","","34.1536","34.48777","","","","","","","","","","","","","","","","","","","","","66.8606","","","","","","","","","","","72.64679","","","","","","","","","","","",
"Tunisia","TUN","Net enrolment rate, secondary, both sexes (%)","SE.SEC.NENR","","","","","","","","","","","","","","","","","","","20.31987","21.50137","22.2766","","","28.73126","30.47773","32.401","","","","","","","","","","","","","","","","","","","","","","","","","","","","","","",
"Turkey","TUR","Net enrolment rate, secondary, both sexes (%)","SE.SEC.NENR","","","","","","","","","","","","","","","23.73764","","","","","","","","","","","","38.50518","39.73007","41.25974","42.76296","43.68782","45.43815","46.83832","49.98479","","","","53.79153","","57.16573","63.69162","71.85441","71.37681","71.53301","73.52893","75.89088","78.49165","80.23516","79.6431","76.3722","80.86494","84.17155","81.15754","87.87049","","",
"Tuvalu","TUV","Net enrolment rate, secondary, both sexes (%)","SE.SEC.NENR","","","","","","","","","","","","","","","","","","","","","","","","","","","","","","","","","","","","","","","","","","","","","","","","","","","","","","69.62366","69.80498","",
"Tanzania","TZA","Net enrolment rate, secondary, both sexes (%)","SE.SEC.NENR","","","","","","","","","","","","","","","","","","","","","","","","","","","","","","","","","","","","","","","","","","","","","","","","","","","","","","","","",
"Uganda","UGA","Net enrolment rate, secondary, both sexes (%)","SE.SEC.NENR","","","","","","","","","","","","","","","","","","","","","","","","","","","","","","","","","","","","","","","","","13.69061","14.06727","16.28313","16.22872","15.71584","15.44848","16.91204","19.02196","21.27866","22.01894","22.87236","","","","","",
"Ukraine","UKR","Net enrolment rate, secondary, both sexes (%)","SE.SEC.NENR","","","","","","","","","","","","","","","","","","","","","","","","","","","","","","","","","","","","","","","","","95.17315","96.66302","92.5825","93.11273","92.01649","86.92575","87.67084","87.04523","86.40595","85.4144","85.55556","83.97437","85.06572","86.63439","88.56586","",
"Upper middle income","UMC","Net enrolment rate, secondary, both sexes (%)","SE.SEC.NENR","","","","","","","","","","","","","","","","","","","","","","","","","","","","","","","","","","","","","","","58.27959","59.0838","59.36697","60.14151","60.48975","61.58744","62.92667","64.16357","66.11206","68.58048","70.96297","73.26477","75.44434","77.44093","78.48682","80.52966","","",
"Uruguay","URY","Net enrolment rate, secondary, both sexes (%)","SE.SEC.NENR","","","","","","","","","","","","","","","","","","","","","","","","","56.173","","","","","","","","","","","","","","","","","","","","","","","67.61036","69.41773","71.27041","71.98036","","","","","",
"United States","USA","Net enrolment rate, secondary, both sexes (%)","SE.SEC.NENR","","","","","","","","","","","","","","","","","","","","","","","","","","","","88.62758","","","","","","87.44832","88.41476","88.41279","87.49674","","","87.22757","86.0948","87.0078","85.61377","89.15429","90.10845","89.90189","89.60729","89.86127","90.06156","89.35222","87.88644","88.52075","88.11948","","","",
"Uzbekistan","UZB","Net enrolment rate, secondary, both sexes (%)","SE.SEC.NENR","","","","","","","","","","","","","","","","","","","","","","","","","","","","","","","","","","","","","","","","","","","","","","","","","","","","","","","","",
"St. Vincent and the Grenadines","VCT","Net enrolment rate, secondary, both sexes (%)","SE.SEC.NENR","","","","","","","","","","","","","","","","","","","","","","","","","36.89933","","","","","","","","","","","","","","","","67.91681","67.97607","72.76261","71.94728","75.62126","72.85701","","","90.40179","88.98139","85.18728","","","","","",
"Venezuela, RB","VEN","Net enrolment rate, secondary, both sexes (%)","SE.SEC.NENR","","","","","","","","","","","","24.9416","27.23671","","","","","","","","","","","","","","","","","","","","","","","","","","","47.73201","50.48729","53.66614","56.07205","57.64561","59.96826","61.75156","65.14429","67.35061","68.45343","70.12083","70.41021","71.56676","73.491","74.01707","74.78971","",
"British Virgin Islands","VGB","Net enrolment rate, secondary, both sexes (%)","SE.SEC.NENR","","","","","","","","","","","","","","","","","","","","","","","","","","","","","","","","","","","","","","","","","","","","","","","","","","","","77.42743","80.97853","82.34709","83.37432","",
"Virgin Islands (U.S.)","VIR","Net enrolment rate, secondary, both sexes (%)","SE.SEC.NENR","","","","","","","","","","","","","","","","","","","","","","","","","","","","","","","","","","","","","","","","","","","","","","","","","","","","","","","","",
"Vietnam","VNM","Net enrolment rate, secondary, both sexes (%)","SE.SEC.NENR","","","","","","","","","","","","","","","","","","35.76655","","","","","","","","","","","","","","","","","","","","","","","","","","","","","","","","","","","","","","",
"Vanuatu","VUT","Net enrolment rate, secondary, both sexes (%)","SE.SEC.NENR","","","","","","","","","","","","","","","","","","","","","","","","","","","","","","14.16746","","16.71401","","","","","","","","29.69192","33.31895","34.3364","38.01921","38.32987","40.61428","","","","","","51.60029","","","","","",
"West Bank and Gaza","PSE","Net enrolment rate, secondary, both sexes (%)","SE.SEC.NENR","","","","","","","","","","","","","","","","","","","","","","","","","","","","","","","","","","","","","","","","73.20666","74.64962","75.40731","78.08184","80.86945","84.52276","85.61359","86.68568","86.50661","86.36801","85.08028","83.17173","81.02224","80.92051","80.35447","80.12445","",
"World","WLD","Net enrolment rate, secondary, both sexes (%)","SE.SEC.NENR","","","","","","","","","","","","","","","","","","","","","","","","","","","","","","","","","","","","","","","51.79684","51.90945","52.52467","53.04817","53.66885","54.89826","55.82982","56.65097","57.73013","59.23975","60.65089","61.36827","62.96065","64.47755","65.52106","66.00383","","",
"Samoa","WSM","Net enrolment rate, secondary, both sexes (%)","SE.SEC.NENR","","","","","","","","","","","","","","","","","","","","","","","","","","","","","","","","","","","","40.85402","","","68.48621","71.0597","64.5445","65.81132","","","","","","","","79.90855","80.53139","80.00404","79.66204","","79.54598","",
"Yemen, Rep.","YEM","Net enrolment rate, secondary, both sexes (%)","SE.SEC.NENR","","","","","","","","","","","","","","","","","","","","","","","","","","","","","","","","","","","","","","","","32.48046","","","","","","","","","","","39.08479","","41.72176","","","",
"South Africa","ZAF","Net enrolment rate, secondary, both sexes (%)","SE.SEC.NENR","","","","","","","","","","","","","","","","","","","","","","","","","","","","","","","","","","","50.41446","","","","","61.56353","60.36553","60.47081","61.638","62.39115","62.97556","64.02687","","","","","","","","","","",
"Congo, Dem. Rep.","COD","Net enrolment rate, secondary, both sexes (%)","SE.SEC.NENR","","","","","","","","","","","","","","","","","","","","","","","","","","","","","","","","","16.51682","17.64297","18.30302","","","","","","","","","","","","","","","","","","","","","",
"Zambia","ZMB","Net enrolment rate, secondary, both sexes (%)","SE.SEC.NENR","","","","","","","","","","","","","","","","","","","","","","","","","","","","","","","","","","","","","","","","","","","","","","","","","","","","","","","","",
"Zimbabwe","ZWE","Net enrolment rate, secondary, both sexes (%)","SE.SEC.NENR","","","","","","","","","","","","","","","","","","","","","","","","","","","","","","","","","","","","","","","","39.88876","39.96215","40.69137","38.75239","35.03957","","","","","","","","","43.34529","","","",
